WEST,EAST
John,aleksandr
William,nikolaj
James,ivan
Charles,sergej
George,vladimir
Frank,mikhail
Joseph,vasilij
Thomas,aleksej
Henry,andrej
Robert,dmitrij
Edward,viktor
Harry,yurij
Walter,petr
Arthur,anatolij
Fred,pavel
Albert,igor
Samuel,evgenij
David,oleg
Louis,valerij
Joe,vitalij
Charlie,grigorij
Clarence,fedor
Richard,boris
Andrew,gennadij
Daniel,leonid
Ernest,konstantin
Will,vyacheslav
Jesse,georgij
Oscar,denis
Lewis,valentin
Peter,maksim
Benjamin,vadim
Frederick,roman
Willie,ilya
Alfred,ruslan
Sam,stepan
Roy,semen
Herbert,anton
Jacob,eduard
Tom,stanislav
Elmer,yakov
Carl,arkadij
Lee,vladislav
Howard,artem
Martin,kirill
Michael,egor
Bert,artur
Herman,marat
Jim,albert
Francis,lev
Harvey,ildar
Earl,iosif
Eugene,timofej
Ralph,rinat
Ed,rustam
Claude,veniamin
Edwin,rustem
Ben,radik
Charley,aleksand
Paul,ramil
Edgar,afanasij
Isaac,nikita
Otto,filipp
Luther,efim
Lawrence,azat
Ira,timur
Patrick,ajrat
Guy,kuzma
Oliver,german
Theodore,robert
Hugh,aleksanr
Clyde,innokentij
Alexander,damir
August,ilshat
Floyd,yaroslav
Homer,nail
Jack,matvej
Leonard,salavat
Horace,shamil
Marion,ajdar
Philip,tikhon
Allen,ilgiz
Archie,gleb
Stephen,danil
Chester,vsevolod
Willis,ravil
Raymond,rishat
Rufus,mitrofan
Warren,mark
Jessie,gavriil
Milton,genrikh
Alex,daniil
Leo,gavril
Julius,marsel
Ray,farit
Sidney,rafael
Bernard,irek
Dan,leontij
Jerry,kazimir
Calvin,azamat
Perry,rashit
Dave,cheslav
Anthony,serafim
Eddie,svyatoslav
Amos,rim
Dennis,yan
Clifford,ilnur
Leroy,rostislav
Wesley,ildus
Alonzo,tagir
Garfield,renat
Franklin,anvar
Emil,tadeush
Leon,zakhar
Nathan,prokopij
Harold,alik
Matthew,trofim
Levi,david
Moses,arsenij
Everett,nikifor
Lester,magomed
Winfield,dinar
Adam,stefan
Lloyd,kamil
Mack,feliks
Fredrick,vener
Jay,bulat
Jess,rais
Melvin,ibragim
Noah,adam
Aaron,frants
Alvin,ninel
Norman,rail
Gilbert,taras
Elijah,bronislav
Victor,mansur
Gus,alfred
Nelson,vatslav
Jasper,abram
Silas,rafail
Christopher,rif
Jake,genadij
Mike,fanil
Percy,moisej
Adolph,vikentij
Maurice,savelij
Cornelius,mechislav
Felix,maryan
Reuben,fanis
Wallace,ilyas
Claud,bogdan
Roscoe,arsentij
Sylvester,zufar
Earnest,rashid
Hiram,ignat
Otis,almaz
Simon,isaak
Willard,pantelej
Irvin,kim
Mark,khamit
Jose,akhmet
Wilbur,valeryan
Abraham,abdulla
Virgil,zinovij
Clinton,mars
Elbert,rafis
Leslie,ignatij
Marshall,ali
Owen,prokofij
Wiley,illarion
Anton,ilmir
Morris,gerasim
Manuel,khasan
Phillip,makar
Augustus,rudolf
Emmett,talgat
Eli,ural
Nicholas,rafik
Wilson,eldar
Alva,yulij
Harley,irik
Newton,arsen
Timothy,romuald
Marvin,naum
Ross,amir
Curtis,demyan
Edmund,rodion
Jeff,vil
Elias,adolf
Harrison,flyur
Stanley,akim
Columbus,valerian
Lon,lazar
Ora,akhat
Ollie,gurij
Russell,akhmed
Pearl,emil
Solomon,edvard
Arch,makhmut
Asa,armen
Clayton,radmir
Enoch,vitold
Irving,askhat
Mathew,kharis
Nathaniel,ramazan
Scott,erik
Hubert,samuil
Lemuel,ashot
Andy,gabdulla
Ellis,artemij
Emanuel,lavrentij
Joshua,rauf
Millard,emelyan
Vernon,zakir
Wade,afonasij
Cyrus,spartak
Miles,rasim
Rudolph,kasim
Sherman,munir
Austin,ilfat
Bill,sultan
Chas,vladlen
Lonnie,leonard
Monroe,arnold
Byron,ananij
Edd,terentij
Emery,midkhat
Grant,salikh
Jerome,luka
Max,boleslav
Mose,leon
Steve,vladilen
Gordon,evstafij
Abe,ismagil
Pete,karl
Chris,ismail
Clark,islam
Gustave,farid
Orville,khamza
Lorenzo,sabir
Bruce,gali
Marcus,linar
Preston,khanif
Bob,sagit
Dock,rifkat
Donald,yuzef
Jackson,suren
Cecil,ernest
Barney,karp
Delbert,khajdar
Edmond,miroslav
Anderson,nikandr
Christian,fedot
Glenn,shakir
Jefferson,galimzyan
Luke,sulejman
Neal,evdokim
Burt,miron
Ike,andrian
Myron,vagiz
Tony,samvel
Conrad,genrik
Joel,zaki
Matt,nurulla
Riley,iskhak
Vincent,foma
Emory,garif
Isaiah,viner
Nick,murat
Ezra,danis
Green,solomon
Juan,danila
Clifton,ruben
Lucius,izrail
Porter,aron
Arnold,spiridon
Bud,klavdij
Jeremiah,zinur
Taylor,arkhip
Forrest,gayaz
Roland,rasul
Spencer,polikarp
Burton,alfir
Don,lenar
Emmet,porfirij
Gustav,fatykh
Louie,elvir
Morgan,efrem
Ned,platon
Van,musa
Ambrose,ajnur
Chauncey,mefodij
Elisha,mudaris
Ferdinand,yusup
General,anisim
Julian,fajzrakhman
Kenneth,mukhamet
Mitchell,akram
Allie,feodosij
Josh,takhir
Judson,abdul
Lyman,iskander
Napoleon,karen
Pedro,mukhamed
Berry,khariton
Dewitt,khusain
Ervin,fidan
Forest,khalil
Lynn,fail
Pink,rakhim
Ruben,filyus
Sanford,vladimr
Ward,ilgam
Douglas,frol
Ole,gumar
Omer,zinnur
Ulysses,mustafa
Walker,davyd
Wilbert,pantelejmon
Adelbert,niyaz
Benjiman,fagim
Ivan,galim
Jonas,vasil
Major,gumer
Abner,rifat
Archibald,nazar
Caleb,karim
Clint,venedikt
Dudley,malik
Granville,aram
King,levon
Mary,zagit
Merton,idris
Antonio,isaj
Bennie,nazip
Carroll,ruzil
Freeman,fatikh
Josiah,anas
Milo,evsej
Royal,nazir
Dick,usman
Earle,richard
Elza,agzam
Emerson,ramis
Fletcher,khakim
Judge,yunus
Laurence,abdulkhak
Neil,khabibulla
Roger,avenir
Seth,samat
Glen,rushan
Hugo,akhnaf
Jimmie,asgat
Johnnie,khalim
Washington,zhan
Elwood,gaziz
Gust,prokhor
Harmon,yulaj
Jordan,ryshard
Simeon,mukhtar
Wayne,nil
Wilber,elmir
Clem,salim
Evan,yunir
Frederic,yakub
Irwin,zakij
Junius,gusman
Lafayette,masgut
Loren,iskandar
Madison,nurgali
Mason,gabdrakhman
Orval,aslan
Abram,radion
Aubrey,ilfir
Elliott,murad
Hans,sarkis
Karl,samigulla
Minor,abdrakhman
Wash,makhmud
Wilfred,akhtyam
Allan,nester
Alphonse,almir
Dallas,andriyan
Dee,ralif
Isiah,flarit
Jason,vecheslav
Johnny,gabdulkhak
Lawson,gabdulkhaj
Lew,ilvir
Micheal,alesandr
Orin,sharif
Addison,khalit
Cal,sergei
Erastus,nikonor
Francisco,oskar
Hardy,slavomir
Lucien,ramiz
Randolph,zajnulla
Stewart,alekandr
Vern,osip
Wilmer,dmirij
Zack,zaur
Adrian,fuat
Alvah,klimentij
Bertram,aleksandrovich
Clay,lyudvig
Ephraim,rafkat
Fritz,bari
Giles,vladimirovich
Grover,gadzhi
Harris,adel
Isom,nazim
Jesus,radij
Johnie,kazbek
Jonathan,rafil
Lucian,zenon
Malcolm,kiril
Merritt,kurban
Otho,rifgat
Perley,edmund
Rolla,mazit
Sandy,said
Tomas,lukyan
Wilford,florid
Adolphus,khafiz
Angus,avgust
Arther,kapiton
Carlos,gajsa
Cary,gurgen
Cassius,askar
Davis,tigran
Hamilton,van
Harve,yulian
Israel,savva
Leander,akop
Melville,khabib
Merle,gabbas
Murray,fanzil
Pleasant,fridrikh
Sterling,shavkat
Steven,nagim
Axel,vartan
Boyd,arif
Bryant,rem
Clement,vilen
Erwin,zakariya
Ezekiel,khajrulla
Foster,karapet
Frances,dimitrij
Geo,nurislam
Houston,fadej
Issac,sabit
Jules,isa
Larkin,fanur
Mat,nariman
Morton,arutyun
Orlando,abdulkhaj
Pierce,zdislav
Prince,kupriyan
Rollie,svetoslav
Rollin,yulyan
Sim,khamzya
Stuart,umar
Wilburn,izmail
Bennett,isak
Casper,feofan
Christ,gagik
Dell,gafur
Egbert,modest
Elmo,sharifulla
Fay,elisej
Gabriel,sidor
Hector,zarif
Horatio,alim
Lige,galimyan
Saul,edgar
Smith,omar
Squire,mirza
Tobe,andranik
Tommie,irshat
Wyatt,garifulla
Alford,ramzil
Alma,rakhimzyan
Alton,vali
Andres,raushan
Burl,khamid
Cicero,faiz
Dean,raul
Dorsey,firdaus
Enos,ilsur
Howell,filimon
Lou,magsum
Loyd,seregej
Mahlon,oganes
Nat,ernst
Omar,chulpan
Oran,aglyam
Parker,izosim
Raleigh,ruvim
Reginald,rizvan
Rubin,parfirij
Seymour,ulfat
Wm,vildan
Young,kasym
Benjamine,trifon
Carey,armenak
Carlton,klim
Eldridge,yavdat
Elzie,gevorg
Garrett,nazif
Isham,kondratij
Johnson,vakhtang
Larry,alan
Logan,valdemar
Merrill,ilgizar
Mont,mecheslav
Oren,razif
Pierre,vlas
Rex,ziya
Rodney,grant
Ted,ranis
Webster,galej
West,faat
Wheeler,timergali
Willam,nila
Al,arshak
Aloysius,vissarion
Alvie,timerkhan
Anna,ion
Art,orest
Augustine,nurmukhamet
Bailey,arslan
Benjaman,zagir
Beverly,adgam
Bishop,khaim
Clair,bakhtiyar
Cloyd,yuvenalij
Coleman,ratmir
Dana,vagif
Duncan,vakil
Dwight,kayum
Emile,feoktist
Evert,nabiulla
Henderson,vakhit
Hunter,yakhiya
Jean,gordej
Lem,zigmund
Luis,simon
Mathias,ermolaj
Maynard,khachatur
Miguel,rafit
Mortimer,ilnar
Nels,baryj
Norris,antonij
Pat,kalimulla
Phil,andronik
Rush,emmanuil
Santiago,samson
Sol,ippolit
Sydney,abuzar
Thaddeus,mubarak
Thornton,gusejn
Tim,sait
Travis,kadyr
Truman,nafis
Watson,alisher
Webb,abdula
Wellington,zurab
Winfred,nikodim
Wylie,muslim
Alec,edik
Basil,khatmulla
Baxter,muzagit
Bertrand,akhmadulla
Buford,zabir
Burr,rovshan
Cleveland,galimulla
Colonel,levan
Dempsey,aleksadr
Early,sharifyan
Ellsworth,marks
Fate,khristofor
Finley,leopold
Gabe,minulla
Garland,sabirzyan
Gerald,gilmutdin
Herschel,kabir
Hezekiah,shagit
Justus,gasan
Lindsey,nikon
Marcellus,evgraf
Olaf,khachik
Olin,sabiryan
Pablo,yanis
Rolland,vugar
Turner,markel
Verne,miniakhmet
Volney,mina
Williams,osman
Almon,finat
Alois,mamed
Alonza,andzhej
Anson,gajk
Authur,aleksndr
Benton,mullanur
Billie,mikhajl
Cornelious,nadir
Darius,vardan
Denis,sajfulla
Dillard,maskhut
Doctor,gamlet
Elvin,radis
Emma,rafgat
Eric,kronid
Evans,anis
Gideon,fazyl
Haywood,seregj
Hilliard,rasikh
Hosea,zulfat
Lincoln,anrej
Lonzo,mstislav
Lucious,magomet
Lum,gazinur
Malachi,amin
Newt,guryan
Noel,anver
Orie,garik
Palmer,fajzulla
Pinkney,varis
Shirley,donat
Sumner,shajkhulla
Terry,galij
Urban,rayan
Uriah,raif
Valentine,zinfir
Waldo,ilkham
Warner,farkhad
Wong,dim
Zeb,genij
Abel,vagan
Alden,yanush
Archer,fidrat
Avery,maksut
Carson,aslanbek
Cullen,garri
Doc,gayan
Eben,genrika
Elige,yusuf
Elizabeth,fayaz
Elmore,aleskandr
Ernst,antonin
Finis,foat
Freddie,anzor
Godfrey,khazi
Guss,gajnulla
Hamp,lutfulla
Hermann,evlampij
Isadore,vazykh
Isreal,shota
Jones,insaf
June,maks
Lacy,vojtekh
Lafe,eremej
Leland,engels
Llewellyn,elmar
Ludwig,gelij
Manford,safa
Maxwell,abdurakhman
Minnie,akif
Obie,nazib
Octave,radif
Orrin,rustyam
Ossie,zhorzh
Oswald,tojvo
Park,khaliulla
Parley,voldemar
Ramon,zinnat
Rice,safuan
Stonewall,karam
Theo,fanuz
Tillman,florit
Addie,yarulla
Aron,natan
Ashley,galinur
Bernhard,elkhan
Bertie,nikanor
Berton,kondrat
Buster,sharip
Butler,kornej
Carleton,flarid
Carrie,khatip
Clara,ararat
Clarance,valter
Clare,akhmad
Crawford,bashir
Danial,rasil
Dayton,samir
Dolphus,gilmulla
Elder,khusnulla
Ephriam,rakhmatulla
Fayette,shalva
Felipe,fidail
Fernando,dilbar
Flem,khurmat
Florence,angam
Ford,chingiz
Harlan,ajvar
Hayes,radislav
Henery,rishard
Hoy,vazgen
Huston,alfrit
Ida,vladik
Ivory,martin
Jonah,kamal
Justin,elizar
Lenard,mullayan
Leopold,barij
Lionel,vasim
Manley,vladmir
Marquis,timerbaj
Marshal,rifkhat
Mart,zagidulla
Odie,albin
Olen,altaf
Oral,ravis
Orley,artak
Otha,fanus
Press,segej
Price,safiulla
Quincy,zosim
Randall,yamil
Rich,pavlin
Richmond,khamidulla
Romeo,demid
Russel,munavir
Rutherford,khabibrakhman
Shade,khalyaf
Shelby,frantishek
Solon,riza
Thurman,askold
Tilden,ayaz
Troy,veslav
Woodson,yakup
Worth,kiyam
Aden,shaukat
Alcide,kharlampij
Alf,amayak
Algie,ejno
Arlie,mirgasim
Bart,grigor
Bedford,dinis
Benito,azer
Billy,anufrij
Bird,kashaf
Birt,garaj
Bruno,ezhi
Burley,dmitirij
Chancy,yuris
Claus,ksenofont
Cliff,razil
Clovis,apollon
Connie,zalman
Creed,dementij
Delos,kutdus
Duke,salikhzyan
Eber,afrikan
Eligah,rakhimyan
Elliot,sagidulla
Elton,giniyat
Emmitt,zamir
Gene,nasim
Golden,telman
Hal,fedosij
Hardin,avram
Harman,khabir
Hervey,sejran
Hollis,savvatij
Ivey,yurii
Jennie,alfat
Len,ustin
Lindsay,maj
Lonie,bilal
Lyle,vilgelm
Mac,aziz
Mal,gajfulla
Math,mazgar
Miller,ravshan
Orson,fidus
Osborne,vidadi
Percival,eduart
Pleas,mullakhmet
Ples,ilyus
Rafael,timeryan
Raoul,talip
Roderick,artashes
Rose,merkurij
Shelton,kadir
Sid,anur
Theron,zbignev
Tobias,elman
Toney,flyus
Tyler,tofik
Vance,zakharij
Vivian,anar
Walton,dorofej
Watt,amirzyan
Weaver,tajmuraz
Wilton,ajdyn
Adolf,badma
Albin,sokrat
Albion,garnik
Allison,dinislam
Alpha,alek
Alpheus,akhsan
Anastacio,araik
Andre,mirgaziyan
Annie,enver
Arlington,mirat
Armand,avraam
Asberry,gubajdulla
Asbury,minnulla
Asher,martyn
Augustin,gamir
Auther,manvel
Author,ervand
Ballard,arman
Blas,aksan
Caesar,gani
Candido,yakhya
Cato,minislam
Clarke,vakha
Clemente,gevork
Colin,nabi
Commodore,ambartsum
Cora,segrej
Coy,tomash
Cruz,valej
Curt,gindulla
Damon,shakur
Davie,filaret
Delmar,oktyabr
Dexter,gabidulla
Dora,iraklij
Doss,daniel
Drew,magafur
Edson,marlen
Elam,vakhid
Elihu,shukhrat
Eliza,fedosej
Elsie,dmirtij
Erie,nasibulla
Ernie,bajram
Ethel,vyachaslav
Ferd,nakip
Friend,yagafar
Garry,ilgar
Gary,imam
Grace,garegin
Gustaf,shafik
Hallie,sakhib
Hampton,mullagali
Harrie,avdej
Hattie,ajbulat
Hence,abubakir
Hillard,asker
Hollie,adik
Holmes,valerik
Hope,averyan
Hyman,elshan
Ishmael,vagarshak
Jarrett,alikhan
Jessee,mazhit
Joeseph,nur
Junious,gazim
Kirk,bayan
Levy,vitautas
Mervin,lukman
Michel,zaurbek
Milford,alfej
Mitchel,fidaris
Nellie,razim
Noble,khalid
Obed,minigali
Oda,asadulla
Orren,galiakhmet
Ottis,aleksnadr
Rafe,adrej
Redden,ulyan
Reese,mamikon
Rube,ilfak
Ruby,rashad
Rupert,seogej
Salomon,akhmat
Sammie,nuriakhmet
Sanders,garij
Soloman,mussa
Stacy,galaktion
Stanford,nikit
Stanton,safron
Thad,biktimir
Titus,uzbek
Tracy,mubaraksha
Vernie,gabit
Wendell,mekhman
Wilhelm,natig
Willian,kamo
Yee,dmitrii
Zeke,misbakh
Ab,arshalujs
Abbott,ryurik
Agustus,venidikt
Albertus,alesej
Almer,yashar
Alphonso,ajzik
Alvia,umyar
Artie,adip
Arvid,rakhman
Ashby,gazizyan
Augusta,khusejn
Aurthur,bagrat
Babe,salman
Baldwin,elnur
Barnett,firdavis
Bartholomew,ansar
Barton,galiulla
Bernie,asif
Blaine,davlet
Boston,razit
Brad,bernard
Bradford,shajdulla
Bradley,emanuil
Brooks,sadyk
Buck,elchin
Budd,ayup
Ceylon,givi
Chalmers,emin
Chesley,ovanes
Chin,zhora
Cleo,mendel
Crockett,murtaza
Cyril,garafutdin
Daisy,arut
Denver,ajkaz
Dow,kavi
Duff,parfen
Edie,magamed
Edith,petros
Elick,rashat
Elie,vafa
Eliga,musya
Eliseo,safar
Elroy,min
Ely,kashif
Ennis,faik
Enrique,sauban
Erasmus,arij
Esau,mirgalim
Everette,khakimulla
Firman,otari
Fleming,arvid
Flora,valiakhmet
Gardner,batyr
Gee,amiran
Gorge,daniyar
Gottlieb,sufiyan
Gregorio,khamat
Gregory,elya
Gustavus,appolon
Halsey,vldaimir
Handy,meer
Hardie,vagram
Harl,mingali
Hayden,fedr
Hays,faig
Hermon,nurikhan
Hershel,aleksendr
Holly,fizuli
Hosteen,beslan
Hoyt,ester
Hudson,aslyam
Huey,zaven
Humphrey,mirzagit
Hunt,filyuz
Hyrum,miyassar
Irven,izot
Isam,fanir
Ivy,nigmatulla
Jabez,nikolaevich
Jewel,kipriyan
Jodie,khamzat
Judd,vazikh
Julious,basyr
Justice,gafiyat
Katherine,zarifulla
Kelly,mizkhat
Kit,imamutdin
Knute,potap
Lavern,alimpij
Lawyer,khadzhimurat
Layton,ruf
Brown,khatyp
Newell,misak
Carter,ermil
Lucas,gersh
Ransom,garifzyan
Bee,ales
Meyer,rinad
Paris,kalistrat
Byrd,nurtdin
Deforest,fatkhulla
Dolph,rikhard
Harper,alfons
Jule,varfolomej
Lambert,shajkhi
Margaret,gabdrauf
Ocie,varuzhan
Orange,gata
Reece,gegam
Roe,mokhamad
Ambers,engel
Bessie,oktaj
Collins,gabdulakhat
Elbridge,zinnatulla
Eldon,nurlygayan
Elvis,agafon
Gaston,rejno
Guadalupe,mingalej
Hartwell,flaris
Knox,gabdrakhim
Lue,zelimkhan
Manning,gamid
Ola,fajruz
Reed,tit
Sampson,fedos
Samual,lyubomir
Thos,badri
Todd,nestor
Tommy,daut
Unknown,anastasij
Wirt,lejb
Woodie,pimen
Alice,mikhej
Alvis,gustav
Ammon,gilman
Boss,novomir
Cas,radim
Cass,liverij
Chalmer,melik
Denton,salyakh
Elsworth,lyudvik
Erving,dzhamil
Fredric,tengiz
Furman,agaron
Helen,dayan
Pearlie,taufik
Plummer,akindin
Presley,ramin
Rollo,appolinarij
Roswell,dimtrij
Ruffus,musagit
Sheldon,khazbi
Tilman,erast
York,gibadulla
Acie,zajdulla
Alfonso,galimkhan
Ashton,grachik
Burke,khasyan
Cap,konstatin
Casimiro,adil
Collie,vachagan
Curley,kadim
Dale,amur
Dixon,amiryan
Dominick,garej
Garret,zakiryan
Gerrit,vilenin
Griffin,erkin
Hall,masnavi
Heber,shagen
Hurley,khaj
Isidore,razmik
Lorenza,tejmuraz
Marian,bakhtier
Maud,mnatsakan
Maude,abrar
Murphy,salimyan
Obe,rafig
Orla,fajzi
Orlo,panfil
Orrie,sargis
Sebastian,seliverst
Starling,fidel
Tolbert,nigmat
Whit,faruk
Adrien,ragim
Alto,vakif
Angelo,sergo
Antone,soslan
Arden,mukharram
Atticus,nagimulla
Belton,mukhamatnur
Bertha,venir
Blair,sarvar
Burrell,vaginak
Callie,nizami
Campbell,khurmatulla
Champ,musavir
Coley,teodor
Conway,imametdin
Craig,shamsutdin
Dalton,alfis
Darrell,makhir
Darwin,mais
Dennie,khanafi
Ebb,norajr
Ebbie,akhiyar
Edna,tomas
Ellison,giya
Elonzo,agej
Emit,abzal
Emry,evstignej
Ephram,dzhamal
Esequiel,shakirzyan
Essie,volodya
Esta,fanit
Evertt,fuad
Garner,gavrila
Garnett,bayazit
Graham,rufat
Gregg,mubariz
Halbert,mubarakzyan
Harvie,gocha
Harvy,stasis
Hubbard,musheg
Jared,gabil
Jere,mukharam
Joesph,chermen
Johnathan,nazhmudin
Juluis,askat
Kirby,rakhimulla
Kyle,zinat
Lane,azgar
Lawerence,serej
Less,zakuan
Linwood,faris
Louise,gerald
Lowell,kliment
Loy,nurgalej
Lucy,abdulakhat
Manly,artash
Mannie,valiulla
Marcel,elbrus
Marius,mir
Marrion,aldeksandr
Mercer,nuri
Monte,mavlet
Montgomery,valeriyan
Nolan,temur
Okey,azad
Page,farvaz
Philo,alimzhan
Primus,magdan
Prosper,abdulkadir
Pryor,gajnislam
Rene,vilyam
Robin,alfrid
Roll,georg
Seward,yakim
Shannon,sigizmund
Talmage,aleksandor
Vaughn,akhun
Verner,firs
Waverly,minniakhmet
Weldon,mirzayan
Wells,zavdat
Wiliam,salimzyan
Wing,kornil
Wood,alksandr
Wright,azarij
Add,slavik
Adelard,zakarya
Cleve,israfil
Linus,ionas
Martha,almas
Reinhold,dashi
Junior,arifulla
Ace,akhmetziya
Armstead,dmtrij
Benedict,gizar
Brice,fattakh
Gibson,martemyan
May,ashraf
Mills,vanik
Adolfo,adrian
Alanzo,valerii
Antoine,andris
Ethan,zajnetdin
Eustace,bakir
Ewing,avgustin
Fernand,mullakhan
Fisher,ajk
Gail,nasib
Harland,sharafutdin
Hilary,dzhabrail
Hosie,mavlyut
Lemon,minibaj
Lora,nizam
Marsh,nurlan
Newman,yurik
Nickolas,zakhid
Olie,roland
Pearley,ajsa
Roman,khusnutdin
Rome,avtandil
Rowland,timerbulat
Shelly,zinatulla
Vicente,volodar
Weston,shajkhutdin
Alan,kausar
Alberto,khadi
Alexis,tariel
Auguste,anlrej
Bascom,dzhafar
Cameron,beniamin
Camille,mokhamed
Clabe,gajnetdin
Cooper,mukhamat
Domingo,khakimyan
Elwin,sharipzyan
Emilio,sevastyan
French,fan
Gerhard,nuriman
Hansford,minnakhmet
Jarvis,tamazi
Jobe,shakhin
Josephus,ilver
Landon,ayub
Lennie,ishbuldy
Leonidas,akhsarbek
Lesley,tejmur
Lillian,khajbulla
Linn,khamis
Littleton,salekh
Lone,rizatdin
Margarito,firuz
Mattie,dorzhi
Melton,cergej
Ott,filat
Randle,farkhat
Seaborn,varazdat
Severt,shafigulla
Steward,anastas
Sylvanus,serezha
Theadore,mger
Theophile,alen
Vester,abbas
Wenzel,ramzan
Alby,radomir
Alcee,mukhametdin
Almond,alibek
Alvy,magomedrasul
Amon,revaz
Ansel,oktyabrin
Bayard,serge
Benny,sedrak
Bluford,soltan
Booker,gergij
Burnett,gajnutdin
Burney,igr
Caswell,kerim
Claudie,fatkulla
Conley,manuil
Cortez,nugzar
Dionicio,imran
Donnie,pasha
Eldred,evald
Ell,gafar
Ellery,amirkhan
Ellwood,aristarkh
Elva,ziyatdin
Emmit,sajfutdin
Erle,favaris
Essex,mansaf
Ewell,kozma
Ewin,kostantin
Fabian,firgat
Florencio,khadyj
Fremont,alfit
Gaines,abas
Garnet,vagap
Gaylord,khalimulla
German,kotdus
Greene,khusyain
Brady,radmil
Festus,artush
Jewell,ajtugan
Odell,ferdaus
Rosco,zyama
Bernice,gabdulbar
Chauncy,abbyas
Delmer,nasir
Effie,yagfar
Ellie,andreyan
Jimmy,aeksandr
Lars,asaf
Milas,ruzel
Miner,flyuz
Rogers,lavr
Sarah,kurbangali
Wess,sharifzyan
Woody,danir
Bryan,epifan
Douglass,zakiulla
Hilton,magruf
Irvine,arefij
Isidor,khoren
Jeptha,rafat
Mabel,irinarkh
Malcom,rudik
Mell,nuritdin
Olof,kiram
Robt,adeksandr
Ronald,akhmatziya
Simpson,erofej
Spurgeon,adib
Tandy,minas
Thurlow,aksentij
Toy,namik
Winston,grisha
Zeno,novruz
Alphonsus,gendrik
Alvan,aslambek
Amado,nurutdin
Ananias,tamerlan
Ancel,dzhon
Atlas,idiyat
Banks,villen
Barry,tair
Blake,magerram
Blanchard,minnakhmat
Bose,antip
Captain,algimantas
Ceasar,ferdinand
Chance,vinir
Chancey,mugalim
Charle,timerzyan
Clide,avetis
Dink,avetik
Ella,login
Emett,fatekh
Erick,gela
Estill,saak
Fenton,arshavir
Gale,guram
Gay,dzhavid
Grove,marko
Hanson,abudar
Harlie,granit
Harlow,shaekh
Haskell,yusif
Ingram,maskim
Iva,zemfir
Jep,vulf
Joy,artavazd
Lessie,magasum
Lillie,dasha
Linton,zhavdat
Linzy,nasykh
Little,etibar
Loney,khajrutdin
Loring,aleksandrov
Lovie,ramzi
Lute,faim
Mace,abrosim
Matthias,aleksanlr
Meredith,vdadimir
Benjamen,galikhan
Jens,radzhab
Oakley,zimfir
Whitney,anfinogen
Donaciano,milentij
Hayward,anushavan
Loran,milan
Love,aleksaej
Son,alekej
Tollie,abakar
Vollie,rafkhat
Bonnie,shagidulla
Catherine,omari
Ebenezer,gamil
Ewald,kontantin
Herb,ravkat
Julia,filarit
Silvester,meruzhan
Stafford,aleks
Sullivan,mifodij
Thurston,makim
Wayman,severyan
Wes,veli
Winnie,adlan
Burrel,nefed
Cleon,gatuf
Dozier,leo
Elden,mordukh
Fulton,mkrtich
Helmer,ovik
Hill,fadis
Hjalmer,shakiryan
Ignatz,minnur
Kelley,khalik
Marlin,avtonom
Moody,fazil
Myrtle,mullakhmat
Namon,fakhrislam
Odin,abdrakhim
Odis,salikhyan
Oley,dzhalil
Osborn,viktorin
Osie,isidor
Prentice,serapion
Purl,firdus
Roby,vladiimr
Shep,onik
Simmie,nasyr
Stanislaus,ikram
Vander,galust
Zollie,dzhejkhun
Abb,alij
Ah,khanyafi
Aleck,mikhajlo
Beecher,mirzanur
Blain,svetlan
Bowman,nasikh
Bunk,adelsha
Burgess,kanif
Carol,ishkhan
Charly,sejmur
Clell,daud
Cody,gabdelkhaj
Lamar,tofig
Worley,abdrashit
Arley,timiryan
Nicolas,anush
Terence,minikhan
Claire,graf
Earley,armais
Elzy,kir
Fielding,grach
Gertrude,radzh
Nora,zotej
Norton,shakhban
Clemens,galyautdin
Earlie,shamgun
Ellen,babken
Epifanio,bato
Glover,ravgat
Lark,ilfar
Laurance,talkha
Leigh,akhmetgali
Braxton,mkhitar
Cleave,damba
Colon,oles
Constantine,khammat
Dominic,zajtun
Emiliano,algis
Fleet,mirgayaz
Franklyn,mustakim
Hobart,ardalion
Josephine,zamil
Laverne,masalim
Lillard,shakhlar
Lim,avksentij
Merlin,issa
Milan,abu
Nim,mazakhir
Norbert,zinovej
North,olgerd
Orland,gataulla
Orvis,mugallim
Reason,naib
Rob,valinur
Virge,fargat
Zenas,fanavi
Ada,manuk
Alejandro,aset
Atha,rishad
Audie,fidaj
Boyce,minniyar
Brent,aramais
Burdette,vyachelav
Cash,yason
Chase,mukhlis
Clive,rakip
Courtney,shaya
Cris,gaj
Dawson,alevtin
Drury,akhmetkhan
Duane,sagir
Elon,samik
Estevan,nizamutdin
Fitzhugh,lel
Fount,avkhat
Gray,karlen
Terrence,edvin
Bartley,valekh
Shedrick,akhnyaf
Dixie,bakhram
Ignacio,minakhmet
Merl,azret
Nehemiah,elshad
Norwood,mutagar
Raphael,vlerij
Reno,khaled
Rudy,egenij
Rueben,minnegali
Sylvan,idiyatulla
Virgle,letfulla
Charls,miniyar
Cole,agvan
Elby,vazir
Ferman,namig
Fern,abdurashid
Florian,alnksandr
Fuller,vilorij
Gorden,alekasandr
Gussie,fariz
Ham,mikhajil
Hazel,zulfir
Ignatius,asiyat
Joaquin,khakimzyan
Lacey,anatolii
Laurie,medzhid
Lilburn,razyap
Lovell,iskak
Lovett,azgat
Malvin,arbi
Manson,gazizulla
Pratt,zhamil
Reid,mingaz
Ruffin,ziatdin
Tomie,gabdrashit
Vince,sevostyan
Wayland,shamsi
Acey,ilmar
Alger,gilemkhan
Algernon,shlema
Amasa,denislam
Amil,gabdulbari
Barrett,surik
Britt,viniamin
Burns,nafik
Calhoun,martiros
Christy,nazhip
Cletus,minsalikh
Colbert,barej
Courtland,marya
Myles,irinej
Irl,alekasndr
Benson,norik
Norval,sagid
Armond,fagit
Frazier,bagdanur
Thompson,gajnan
Alfredo,mirsait
Grady,anatolevich
Lorenz,volf
Peyton,abdulkhakim
Seldon,muzip
Ethelbert,sungat
Eva,minivali
Gilman,araz
Henri,magomedshapi
Iver,pogos
Laura,andryus
Leonce,borislav
Mamie,boguslav
Orion,gayas
Ottie,kalina
Rudolf,archil
Selmer,zot
Shepherd,smbat
Yancy,alaudin
Abbie,danat
Agnes,minimulla
Arnie,farikh
Arvin,inokentij
Blanche,giniyatulla
Bliss,viktorovich
Cassie,khuzya
Dewey,yanosh
Diego,dzhigansha
Dorr,adalat
Edmon,egishe
Estes,tsyren
Gilford,minnekhan
Graves,gasim
Hillery,girsh
Laurel,zaza
Carlisle,agube
Hughie,fajzulkhak
Orvel,aleksaedr
Angel,sregej
Horton,lutfurakhman
Lena,ibrakhim
Marie,rufin
Waymon,otar
Arno,bazar
Burnie,arvi
Elgie,gilmitdin
Fannie,merab
Felton,merabi
Keith,valid
Maxie,gilfan
Nils,garaf
Sie,sabukhi
Sonny,shajmulla
Vere,khajretdin
Virgie,nuretdin
Benjman,ipatij
Bernardo,romazan
Casey,nison
Celestino,burkhan
Cephus,nizametdin
Della,burgan
Hart,lyutsian
Hillary,rolan
Hilmer,natik
Holland,kazim
Jacques,shaikh
Johny,khazret
Jordon,davletkhan
Julien,mavlyavi
Julio,zagid
Kay,akhmetsha
Le,sulo
Leeroy,rubin
Liston,zafar
Lott,mara
Doyle,kaspolat
Gerard,lejzer
Alfonzo,shaliko
Carlie,sagadat
Branch,vilij
Bush,marvan
Elgin,vasif
Federico,khizri
Franz,khabibula
Governor,valij
Maury,pitirim
Nancy,khashim
Salvatore,astafij
Werner,marian
Edw,konstantinovich
Ernesto,khidiyat
Fed,vadimir
Foy,kyashaf
Galen,shavarsh
Genie,makarij
Hjalmar,khanafiya
Lawton,samoil
Levin,sabirzhan
Lish,mamuka
Pascal,arturas
Posey,konstanin
Redmond,vavil
Rosendo,koryun
Talmadge,inzil
Winford,shapi
Abie,buda
Alta,vladimimr
Alver,iona
Anatole,kazma
Bobbie,khasanzyan
Boone,lyutsiyan
Buell,asat
Claiborne,rajmond
Loyal,khusen
Eduardo,khatib
Maggie,khusaen
Needham,kaj
Mansfield,magdanur
Ras,renald
Guilford,rastislav
Sing,khamatnur
Xavier,melkon
Charlton,zorik
Eula,sitdik
Mckinley,talib
Polk,abdulgamid
Shellie,farrukh
Bentley,farman
Claudius,nuraddin
Conard,gabdelakhat
Cornell,abdullakh
Ester,nasrulla
Esther,shafkat
Mae,nurmagomed
Mildred,zelik
Neely,daba
Owens,dmirtrij
Rance,amurkhan
Red,dmitij
Robbie,minnigali
Sigurd,nasretdin
Teddy,yagub
Val,zakhir
Almus,minnikhan
Sheridan,nurij
Lorin,gilmetdin
Carmine,movses
Jonnie,sakhap
Kent,gimran
Murl,moris
Ricardo,yuvinalij
Wilfrid,glyus
Adlai,averkij
Buddie,mugin
Burk,osvald
Dessie,erikh
Edison,srgej
Gifford,mirkhatim
Goldie,gertrud
Hurbert,adis
Iverson,sayakh
Job,mishel
Leamon,mkrtych
Olive,izyaslav
Powell,sakhiulla
Rexford,sibagat
Roma,mindiyar
Romie,nurfayaz
Vick,galiaskar
Waldemar,napoleon
Zebulon,setrak
Alferd,aleskej
Algot,aleksander
Alphons,timir
Audley,fakhrazi
Barnard,aleksanndr
Berkley,fakhretdin
Bethel,serzhik
Caroline,dzhivan
Corbett,yankel
Ruth,zenovij
Fidel,mukhametkhan
Guillermo,markus
Murry,fokej
Reubin,yasha
Rocco,sergeej
Samson,gallyam
Westley,ilnaz
Alba,nukh
Irene,garifyan
Murdock,damin
Nolen,mukharyam
Royce,edislav
Ruel,maris
Willaim,aleksan
Beryl,islyam
Beulah,ardashes
Burleigh,mikhael
Carrol,falyakh
Con,shmul
Dillon,nifantij
Ebert,gambar
Encarnacion,magomedgadzhi
Cedric,sofron
Estel,madkhat
Mayo,vage
Shelley,idel
Thorwald,mubin
Durward,algirdas
Luster,lotfulla
Arnett,khan
Aubra,saitgarej
Avon,otto
Bolden,sakhab
Dannie,maksum
Elex,magsumzyan
Ferris,tsyrendorzhi
Jeffie,edgard
Lexie,ivanovich
Link,gamzat
Moises,anuar
Myer,rufim
Carlyle,ibraj
Arvel,zubair
Erby,fikret
Floy,vardges
Hughey,garafi
Ovid,fauzi
Alston,malikh
Audrey,gayazetdin
Buddy,sagdat
Clemmie,fatej
Clemon,khak
Dorothy,zauri
Einar,fatkulbayan
Gurney,zakhit
Hebert,asatur
Hezzie,magalim
Kurt,varlam
Lois,olimpij
Lula,akmal
Mearl,akakij
Oddie,gajfutdin
Ramsey,nurmukhamed
Vinton,shaban
Zed,miloslav
Audy,vasilii
Barnie,zelman
Donat,eldaniz
Emmons,zait
Erich,mirsaet
Esley,minigalej
Eston,minigayan
Roosevelt,zajnutdin
Hartley,majram
Jennings,galib
Hobert,galiakhmat
Montie,zakirzyan
Rae,genri
Arvil,saet
Casimer,ragib
Elwyn,salam
Evander,askarbij
Gaither,nurgayaz
Grafton,nurgayan
Guthrie,shajmardan
Jettie,khalilulla
Lannie,minshakir
Lea,mikael
Moe,shajkhinur
Nestor,gajzulla
Ovila,intigam
Reynold,dorzho
Reynolds,dordzhi
Susie,dominik
TRUE,mukhametgalej
Alwin,mukhametgali
Casimir,dmtirij
Vergil,amos
Hazen,benik
Sigmund,benedikt
Saint,tarlan
Silver,samed
Eugenio,vcheslav
Lisle,dugar
Milburn,rakhmat
Carmen,abdulkhan
Orris,abdulkhalik
Rayford,akhtam
Raymon,shamsudin
Virgel,abdulkerim
Aloys,shamsulla
Cam,mukhadin
Hale,dmitri
Nile,yaguda
Offie,bekkhan
Opal,larion
Rosa,nazmutdin
Wardell,anaton
Willy,khisam
Acy,dzhamshed
Arthor,pimon
Boysie,andre
Britton,dzhalal
Oris,mariyan
Gladys,deomid
Georgia,dzhavad
Bryon,latfulla
Elvie,bakhruz
Frankie,rinchin
Mario,davletsha
Pasquale,masabikh
Rhoda,davit
Rossie,mukhametnur
Sherwood,davletbaj
Buel,khusej
Clearence,tural
Dabney,krikor
Diamond,perfil
Dorris,dilshod
Everet,leva
Ezell,krasnoslav
Hobson,malkhaz
Admiral,izya
Shafter,makharbek
Maceo,saul
Schley,alfret
Ewart,ekim
Patsy,mukatdas
Arba,khasanbi
Orvil,ruzalin
Adams,egish
Collier,mullagalej
Gayle,makhiyan
Gladstone,akhmatnur
Hilario,sasun
Kathryn,akhmatkhan
Mickey,muzafar
Odus,fazylyan
Vernal,sumbat
Von,fazulla
Haven,biktimer
Williard,romas
Stephan,iskandyar
Collis,dzhavdat
Griffith,garun
Jethro,arian
Vic,afgan
Viola,sadrislam
Baker,aukhat
Beatrice,garold
Bynum,garma
Colvin,mukhametsha
Doris,kashfulla
Elizah,nikoalj
Eunice,afzal
Leighton,nurfaiz
Linnie,yamgutdin
Lizzie,yamignur
Rosevelt,sadofij
Farris,timirkhan
Lemmie,mordko
Estell,roald
Goebel,mukhametzyan
Tallie,minej
Arlo,sadaj
Artis,varsanofij
Collin,varsonofij
Eddy,mukhametzaki
Hester,magarif
Lauren,dzhavanshir
Lupe,bagaudin
Ozie,rival
Salvador,agasi
Santos,bolislav
Schuyler,akzam
Arturo,dibir
Donovan,avkhadi
Kermit,afinogen
Eino,batyrbek
Olan,ejvaz
Danny,timergalej
Lola,minzakir
Esco,fais
Josef,khisamutdin
Lance,server
Leona,aftakh
Mathews,israpil
Ova,karo
Pate,batomunko
Regis,dzhambul
Rosario,rimantas
Vito,zif
Adron,zigansha
Ancil,serop
Arland,bair
Buren,khikmatulla
Erland,fazit
Johney,timirbaj
Clarnce,dzhoni
Garvin,temuri
Agustin,borukh
Nathen,daniyal
Oneal,rushat
Verna,dmitriij
Victoriano,rakhimzhan
Doll,tsezar
Georgie,envar
Heyward,kiryan
Ivor,georgi
Myrl,tabris
Beckham,agop
Thedore,lyabib
Thelma,khasanbij
Trinidad,abdulkadyr
Verl,nurbij
Evelyn,zalimkhan
Hershell,bilyal
Marty,ataulla
Roberto,elnar
Teddie,abdurakhim
Terrell,zavdyat
Hilbert,gizitdin
Lenon,gizatulla
Lenord,erdni
Ozzie,akhmetzaki
Porfirio,khasiyatulla
Sammy,niyazi
Rayfield,yunis
Waino,nodar
Clemence,evgrafij
Harm,murtazali
Jamie,akhmetsafa
Vincenzo,mirkhat
Welton,mirsayaf
Adrain,nurgalij
Arbie,kiyametdin
Betty,silvestr
Bobby,agliulla
Desmond,mavli
Domenic,rajkhan
Duard,elver
Raul,minnula
Severo,dorzhej
Tobie,vano
Council,agil
Domenick,minnislam
Darrel,misha
Graydon,mojsej
Fredie,zhafyar
Eliot,rostom
Hoke,farkhulla
Pauline,kiyamutdin
Tyree,avinir
Arne,asim
Bell,valimukhamet
Carlo,zhores
Hansel,farrakh
Jiles,zaman
Leonardo,gulam
Quentin,nurej
Toby,valit
Verlin,lutfrakhman
Winthrop,ajvaz
Domenico,tamaz
Harrold,ajgiz
Lucille,rachik
Ryan,minkhan
Benard,nurali
Quinton,razhap
Rodolfo,vladas
Armando,madin
Delmas,anzhej
Denzil,floris
Luciano,gabriel
Lyndon,khadzhi
Vera,foka
Taft,feofil
Delphin,makism
Rodger,khadis
Woodrow,poliekt
Burnice,purbo
Giovanni,gakif
Americo,shajkhenur
Ardell,sardion
Delmus,vyajno
Gilmer,ostap
Lucio,flavij
Mariano,sajfi
Ogden,gabdelkhak
Oland,vyachislav
Prentiss,vilor
Samie,gadelzyan
Hadley,sakhabutdin
Francesco,maksud
Toivo,firudin
Robley,orudzh
Verle,salimulla
Farrell,svetozar
Nathanial,vilayat
Reyes,peter
Eleanor,andron
Emmanuel,invir
Esker,apti
Florentino,mekhmet
Gaetano,sherali
Levie,galimzhan
Guido,gabdulkhamit
Aurelio,rabis
Curtiss,polievkt
Othel,sharaf
Santo,sattar
Harrell,vladimslav
Lenwood,zosima
Leopoldo,allakhverdi
Dante,salakh
Ann,anatoij
Halley,mardan
Reino,vladimer
Carmelo,gabdula
Wyman,pantilej
Silvio,anfis
Colie,martik
Alfonse,zotik
Aldo,aues
Amerigo,fajlas
Enrico,lom-ali
Gasper,gilyazetdin
Attilio,fazylzyan
Woodroe,avzal
Nunzio,gombo
Burnell,longin
Erling,vile
Gilberto,medkhat
Glendon,nikalaj
Larue,alvidas
Masao,khanafij
Nevin,karimulla
Armin,ochir
Tyrus,sulpan
Kendall,fajzelgayan
Garold,gabib
Gennaro,stas
Cosmo,kamel
Luigi,zaid
Hymen,fikrat
Donato,onufrij
Melbourne,gazi
Merwin,ramzes
Winton,viktoras
Gino,snrgej
Glenwood,zajnula
Geno,emir
Glynn,emilij
Nello,zakizyan
Durwood,mirzakhan
Gilmore,azgam
Saverio,marin
Garth,salakhutdin
Hiroshi,mikhal
Arlin,vazit
Yoshio,zhirajr
Arvo,vadut
Deward,aglulla
Hughes,vazha
Tatsuo,gadel
Jerald,ranif
Zigmund,gadelsha
Gerhardt,atlas
Lynwood,shmavon
Berlin,altaj
Merlyn,adalet
Pershing,gadzhimagomed
Hideo,sayar
Normand,iolij
Orvin,sofa
Joyce,kanzafar
Minoru,kanafi
Foch,zabikh
Bryce,gizetdin
Carmel,rychard
Marco,vikul
Winifred,anfim
Edsel,kakhaber
Quinten,muzaffar
Kiyoshi,dzhuma
Therman,vladiir
Kazuo,vladiimir
Metro,kornelij
Laddie,dilovar
Harding,damdin
Kennith,rifmir
Eloy,daler
Daryl,andrrej
Rayburn,davud
Jon,imamgali
Dewayne,bagdasar
Marcos,bagautdin
Kevin,iman
Harden,yavat
Delton,flegont
Reynaldo,mukhamedzhan
Donal,dondok
Toshio,volodimir
Dwayne,anatoli
Zane,khikmet
Luverne,kyamran
Jackie,deonis
Ramiro,nazarij
Harlen,rivgat
Deane,vlalimir
Dwain,baldan
Boris,renart
Dorman,basir
Coolidge,dzhamaldin
Refugio,dzhambulat
Darold,batraz
Donn,mushfig
Faustino,anvarbek
Brian,franko
Melvyn,batyrkhan
Esteban,rejngold
Freddy,bajras
Virginia,rezo
Marlyn,hikolaj
Ken,dzhemal
Dwaine,myasum
Gearld,naim
Valentino,bakhodir
Lindy,latyp
Lindbergh,leodor
Shoji,dorzha
Denny,mukhamatkhan
Gonzalo,makhach
Jorge,rostam
Jerrold,abil
Akira,kharun
Maria,paramon
Hoover,bislan
Jerold,yulduz
Arlen,favadis
Ronnie,ruvin
Marcelino,abzaltdin
Verlyn,abulfat
Ismael,gabdulgani
Fidencio,mukatdis
Dolores,ruzal
Adan,anri
Davey,avangard
Derald,ansaf
Barbara,rafiz
Humberto,akhmetgalej
Joan,abdulbari
Sherwin,talya
Lavon,gurami
Duwayne,vyacheslava
Genaro,talekh
Kenny,abdulgani
Rogelio,salyakhutdin
Rolf,lernik
Arnulfo,matlab
Gerry,ulugbek
Derl,viorel
Gerold,abdullazyan
Arlan,mutigulla
Patricia,abdulkhamit
Dino,shayakhmet
Wally,akhmetsultan
Mervyn,evgennij
Allyn,ipat
Monty,balzhinima
Dickie,minnigalej
Jan,faukat
Arlis,arakel
Kaye,alimbek
Kenton,fatkhi
Sherrill,edit
Darl,ziganur
Raymundo,shagali
Delano,minnimukhamet
Terrance,savvatej
Ronny,ejnar
Chuck,olgert
Orlin,siren
Gloria,saitgaraj
Darryl,khadimulla
Marc,akaki
Sal,saetgali
Stan,minegali
Cordell,fakhraddin
Darvin,khaziakhmet
Derrell,kavij
Jame,gelios
Jacky,fakhrazyj
Lanny,aliulla
Ron,mavlit
Marland,shajsultan
Arlyn,khadiulla
Jerrell,saitgali
Jeffrey,vechislav
Valentin,alekesandr
Kerry,faskhutdin
Ferrell,edurd
Gaylon,ferapont
Jerrel,fassakh
Darwyn,gaffan
Dwane,minnebaj
Randy,akob
Ian,ishmurat
Delwin,radimir
Gustavo,khalaf
Verlon,sibgatulla
Vernell,alenksandr
Delma,fatkhrakhman
Windell,svirid
Kim,sagdulla
Errol,aleksaendr
Reggie,ardash
Geoffrey,aik
Mel,mirali
Sergio,aladdin
Del,ziryak
Donnell,severin
Tyrone,arvo
Sharon,khazip
Donny,mingata
Doug,silantij
Marilyn,gajnitdin
Carolyn,migran
Delvin,alksej
Janet,irakli
Levon,fakhri
Ozell,fakhrulla
Gaylen,shajkhnur
Lamont,abidulla
Tex,ervant
Lonny,tokhir
Autry,evnenij
Rondal,gamza
Randal,gatiyat
Dion,aleksakndr
Greg,ogannes
Sandra,romeo
Judith,shevket
Scotty,evtikhij
Ronal,mazgut
Jeffery,kakha
Randell,bimba
Joey,andres
Nicky,khasansha
Leonel,inzir
Harlon,varlen
Lawrance,khadit
Linda,gabdrakip
Barrie,sibagatulla
Darnell,parviz
Isidro,alesksandr
Wilkie,vintsent
Rick,khasanbek
Ricky,uruzmag
Donna,abumuslim
Janice,kelsij
Javier,nerses
Wendel,abugali
Erik,enok
Lindell,grajr
Judy,vinidikt
Jeffry,fotej
Karen,abutalib
Brendan,fagil
Darell,mullagalij
Mcarthur,mullabaj
Macarthur,rafagat
Rickey,vartkes
Rod,varteres
Niles,minnibaj
Jeremy,dikran
Susan,raufat
Walt,verner
Lary,fatkhlislam
Jaime,khikmat
Noe,kharras
Rocky,yuldash
Derek,danif
Les,abo
Terrill,artamon
Russ,bakhshi
Timmy,abubakar
Butch,fotij
Sean,kevork
Linden,israil
Roddy,faddej
Rickie,zejnal
Lenny,vinaris
Rusty,fyarit
Dane,evenij
Geary,bek
Eusebio,serik
Garey,gusen
Lucky,ditrij
Gerardo,abdulakh
Gil,tatarkan
Richie,khafis
Carnell,paul
Chad,minakhmat
Hank,vram
Dorian,mukhamadulla
Rolando,tukhvat
Kip,dionisij
Mikel,talibulla
Jonathon,davli
Stevan,fakhim
Kris,ilina
Jody,vitas
Lyn,sergj
Zachary,maskur
Brett,dmitrmj
Patric,marvar
Rory,kommunar
Rand,dmitirj
Robby,ejyub
Cornel,gans
Shawn,dmiitrij
Skip,ganij
Randel,flor
Jed,ayur
Dirk,mukhamedsha
Brock,flur
Deryl,bekir
Stevie,vrezh
Derrick,venyamin
Jerel,saribek
Cesar,naufal
Baron,tafik
Kathleen,tazret
Stefan,akhmetsharif
Donell,mukharryam
Corey,arastun
Kelvin,kirej
Ezzard,sardar
Tod,zinon
Shaun,evgenevich
Brant,amazasp
Scot,ishbulat
Efrain,iksan
Stacey,shajmukhamet
Brandon,nakhim
Marlon,bikmukhamet
Jory,alikram
Layne,kontstantin
Danniel,zigangir
Michial,konstontin
Ritchie,zokhrab
Edwardo,mukhametyan
Kimberly,narkiz
Ricki,garabi
Kurtis,ingel
Cory,abdull
Deborah,gabdelbari
Scottie,mutygulla
Erasmo,reval
Rudolfo,sarvartdin
Lex,mukharbek
Rodrick,taif
Daryle,mingazetdin
Greggory,khatim
Darren,badertdin
Mikeal,visilij
Trent,parfentij
Michal,mukhammat
Theodis,taip
Damian,khurshed
Kimball,elfir
Michale,goratsij
Wilfredo,khamed
Shane,gejdar
Robbin,vlvdimir
Kraig,sirazhutdin
Kirt,timersha
Chip,zavil
Randolf,gadir
Bret,sos
Antony,kamran
Bradly,filaris
Faron,shakro
Blaise,alif
Alvaro,renal
Ricci,yaudat
Dusty,sayaf
Debra,fikus
Rock,fanzir
Keven,sangadzhi
Gavin,metin
Kevan,faniz
Blane,ramuald
Demetrius,nmkolaj
Rahn,asan
Barron,olng
Heriberto,aglya
Jude,alisultan
Levern,ilyaz
Darcy,falikh
Micky,gvidon
Kennard,dzhamalutdin
Davy,yasavij
Tad,islamgali
Rhett,famil
Ty,apollinarij
Mitch,mavletbaj
Jefferey,fanavis
Dann,batarbek
Timmothy,gadi
Broderick,kanzel
Derwin,askhad
Chet,kazi
Quintin,bator
Timmie,geogrij
Tab,nazhib
Tracey,gazis
Jace,miras
Kem,kajrat
Brion,fardat
Andrea,salambek
Cynthia,iskender
Kennth,ramazi
Renaldo,mirzagali
Desi,aslam
Renard,nuradin
Trevor,sanan
Kenney,andej
Brien,dzhabir
Cheyenne,rza
Derick,kutuz
Robb,azis
Devin,reshat
Kerwin,majrbek
Grayling,shajkhitdin
Quinn,farakh
Wayde,kamalutdin
Maverick,nadyr
Tobin,mekhdi
Kristopher,nodari
Keenan,kamaletdin
Diane,salakhetdin
Cheryl,timirgali
Reinaldo,kurman
Jamey,shtefan
Darrin,mirsalikh
Flint,faragat
Darin,timirzyan
Daren,zygmund
Efrem,gerbert
Kieth,valeri
Micah,selivan
Andra,zolya
Chaim,zajni
Raynard,asrar
Leif,zajnitdin
Kennedy,ragif
Lisa,ragip
Darrick,lyusik
Darry,fidarit
Roel,veneamin
Darron,ibatulla
Darryle,kavej
Stephon,bakrat
Darryll,tsyden
Brenda,aflyakh
Devon,salimzhan
Arnoldo,glimkhan
Kory,timer
Regan,polad
Brook,suliman
Shayne,ilkin
Lorne,fajvel
Parrish,antonas
Drake,sulajman
Norberto,magfuryan
Kalvin,paata
Pernell,fida
Markus,safon
Thor,rimas
Osvaldo,marsil
Anibal,girfan
Daron,kavsar
Deon,sultangali
Edgardo,avedis
Geoff,gor
Tammy,sungatulla
Jayson,vladimi
Rodrigo,runar
Tyron,kasyan
Dwyane,mugtasim
Stoney,artyush
Tal,vilyur
Jaimie,raudat
Trenton,tsolak
Andreas,kasum
Vinson,khajrula
Pamela,paisij
Erin,vilsur
Mauricio,rezvan
Rigoberto,tom
Roderic,rasykh
Destry,minnigarej
Deron,zulfar
Fitzgerald,igro
Quint,nabij
Kipp,tarkhan
Trey,tsyrenzhap
Kendrick,dzhangir
Deric,ivar
Terance,filosof
Antonia,tovij
Shon,gafuryan
Daryn,gilya
Darien,lukoyan
Darryn,aurel
Trace,minzagit
Darian,agdas
Dario,ziyafat
Chadwick,gashik
Brain,alis
Reginal,sharafetdin
Heath,vanifatij
Jarrod,karibulla
Michelle,karalbi
Illya,fajzelkhak
Brenton,nikola
Michele,nazym
Dylan,villi
Efren,shajkhetdin
Arron,lusegen
Tyson,fajzulgayan
Cedrick,radamir
Dereck,marek
Brennan,vldadimir
Jerrod,ismat
Garrick,galik
Jennifer,khazej
Angela,riyan
Claudio,bakhman
Derik,rinal
Octavio,refat
Alfie,imant
Brendon,gyunduz
Kristian,vladimiir
Shad,dariko
Ariel,vtalij
Liam,islamnur
Tina,viulen
Beau,riks
Giuseppe,vladim
Franco,beksultan
Dustin,vseslav
Jamal,dzhemali
Damien,baris
Waylon,tuktar
Colby,davlyatsha
Damion,kuan
Brenden,rigat
Korey,baurzhan
Tye,timirgalej
Rico,khaernas
Darby,vatslovas
Melissa,rimat
Anthoney,dzhanik
Jade,vlasij
Lamonte,galimzan
Shan,fedan
Johnathon,galimardan
Tory,semigulla
Trever,khizir
Lazaro,davlatbek
Jemal,vmktor
Jamison,khazij
Aric,dzhakhid
Ari,rimm
Donavan,khazib
Torrey,dionis
Torrance,ril
Shanon,fejzrakhman
Chandler,sanasar
Ali,beglar
Corwin,sazon
Amy,isuf
Jameson,uruspi
Demetrios,khvicha
Jasen,khanan
Davin,rustik
Cale,gissa
Jermaine,girsha
Malik,gafiulla
Jeromy,khajyam
Jammie,vagid
Che,sajfetdin
Bronson,fajzula
Dax,fajzullo
Brandt,fajzylgayan
Kenyatta,gimaj
Antione,khabibyan
Laron,filus
Antwan,zhigansha
Branden,gashim
Dedric,iov
Jayme,khamil
Kelsey,gilmi
Torrence,salimgarej
Shea,fatkul
Kenyon,sakhi
Kristin,fatkula
Shay,salimkhan
Corbin,erem
Cristopher,rumil
Jeramy,budimir
Braden,ermak
Kenya,sunagat
Dedrick,fazlyj
Tate,sagman
Germaine,sagityan
Nigel,goderdzi
Jerod,gabdurakhman
Christoper,rustambek
Chadd,fatkulislam
Jarod,sajran
Tristan,zaudin
Brannon,iozas
Jeremey,saulyus
Deandre,valentinas
Kiley,geronim
Donavon,germogen
Sedrick,zyya
Hassan,sodnom
Jamel,kalim
Jeramie,gazanfar
Marcelo,zurabi
Coby,viktar
Deshawn,zufer
Toriano,zakirya
Kwame,gazimzyan
Kasey,gennnadij
Demian,gazimagomed
Kristofer,slavamir
Paulo,valizyan
Donte,kaprel
Jarred,gershen
Demond,khabrakhman
Kareem,srur
Vidal,filip
Zachariah,sokhrab
Jamar,gevond
Abdul,gilim
Jermain,fasikh
Tremayne,zabit
Jeremie,zyamil
Marlo,vigen
Lashawn,gajdar
Brandy,gadyj
Josue,khambal
Jabbar,gia
Kristoffer,zagrutdin
Diallo,khamatkhan
Tito,eredzhib
Damond,serdar
Nicole,inal
Dameon,gumyar
Rahsaan,klaus
Nathanael,ikhsan
Abelardo,besik
Cade,zigfrid
Vashon,khajbrakhman
Taurus,khajbula
Chadrick,betal
Tarik,samad
Marcello,ullubij
Dominique,itsko
Donta,iles
Moshe,vitali
Zachery,zigangarej
Jevon,garafetdin
Stephanie,umarali
Nakia,firkhat
Telly,kirsan
Ahmad,taib
Jamil,gurban
Toma,kirril
Trinity,khatskel
Jereme,komintern
Dejuan,sapar
Jabari,kolya
Ahmed,bentsian
Heather,bentsion
Demarcus,domenik
Antwon,fler
Jered,khacheres
Rashad,vafir
Kristen,vafi
Mauro,khady
Benji,galiakbar
Tavares,illiodor
Marques,dorian
Rasheed,vatislav
Jerad,indus
Corry,ronald
Cristobal,gabdul
Deangelo,irkin
Karim,kharlam
Sharif,rubik
Demarco,fatkhij
Kareen,bogos
Rebecca,izil
Raheem,elistrat
Jamaal,eliferij
Jovan,sysoj
Seneca,zduard
Jermey,grachya
Torey,kharas
Hakim,gabdullazyan
Cortney,khajri
Jamin,gatif
Javon,kashafutdin
Zackary,zbyslav
Ezequiel,fazail
Jerimy,kirim
Muhammad,ilach
Jameel,zenfir
Brody,khajdyar
Jaron,evgenii
Dimitrios,rolf
Taj,feruz
Tanner,uraz
Torry,tagirzyan
Amir,evegnij
Levar,evel
Lavar,sarim
Kunta,romil
Jedediah,ikar
Jerimiah,safarali
Kinte,razhden
Rashawn,naris
Jeramiah,minvali
Jessica,rajmund
Jedidiah,akhmetyan
Amin,revgat
Rian,adigam
Conor,mukhammed
Lydell,revener
Davon,miftakh
Kaleb,adi
Samir,minaj
Zackery,alidzhan
Khalid,ravkhat
Bo,nikhat
Cristian,mingazh
Demetric,namsaraj
Horacio,adizyan
Anwar,murzabek
Nicholaus,alekskj
Kenji,anfas
Nikolas,anfilofij
Demario,rastyam
Johnpaul,akhliman
Nicklaus,minnegaraj
Jarret,makarim
Kody,mingalij
Antwain,anedrej
Dequan,aleftin
Lukas,lotfi
Christina,mullazyan
Deshaun,minnemukhamat
Juston,murzagali
Hasan,shaginur
Jeb,mukhsin
Amanda,akhmadej
Andrae,mavletyan
Kendell,minniakhmat
Tucker,chingis
Keon,adalyat
Garett,akhmadi
Amit,shajkhlislam
Omari,anvyar
Tyrell,markar
Mohammad,markian
Bryson,mavlij
Tyrel,mullagayan
Tremaine,armas
Jarrad,abulgas
Rustin,nargiz
Kai,adelzyan
Justen,alimagomed
Keegan,revmir
Chaz,magnavi
Yoel,shajkhulislam
Jarad,badrudin
Jessy,olimzhon
Bjorn,marik
Brandan,badrutdin
Dustan,alekskandr
Isaias,aflatun
Kellen,mamiya
Skyler,abisal
Marchello,mirkasim
Mohammed,adkham
Johathan,anotolij
Adalberto,pyurvya
Connor,lokman
Dontae,lolij
Taurean,mirsagit
Skylar,mukhametzakir
Mohamed,shavali
Colt,minigalim
Kiel,mirsaid
Colton,ovakim
Eliezer,yulen
Darrius,magzum
Tuan,nukhim
Hung,antonio
Long,yavit
Lamarcus,leri
Justine,nokhim
Huy,akhunyan
Akeem,shavket
Cassidy,shamsaddin
Devan,antanas
Martell,raik
Remington,yavgar
Jacoby,aleeksandr
Jakob,elektron
Trumaine,alej
Marquise,azal
Deven,lecha
Crystal,minekhan
Ryne,mukhamatsha
Coty,aleksanrd
Grayson,abdulaziz
Jerrad,mannaf
Jarrell,nuryj
Baby,minetdin
Brandin,alekse
Alonso,pranas
Danielle,magaram
Tavon,prokop
Travon,elgudzha
Deonte,munib
Rachel,baba
Kameron,ovsej
Tavaris,ovsep
Tylor,alekksandr
Jairo,nasrtdin
Durell,tsybik
Durrell,aleksaandr
Channing,adonis
Jaymes,aleksaj
Dakota,anif
Keaton,akhkiyam
Ulises,minzarif
Brandyn,minzaki
Mackenzie,alita
Maximilian,mukhametvali
Uriel,mikola
Terell,liparit
Kale,alvian
Dandre,musalim
Kolby,ekhtibar
Joshuah,abdulnasir
Martez,nikopaj
Rayshawn,nurgata
Dangelo,shajnur
Derrek,mugambar
Cordero,shikar
Jayce,matevos
Yaakov,navruz
Kyler,shirvan
Alexandro,akhmatzaki
Zechariah,ero
Giancarlo,nigamat
Garrison,alkhas
Spenser,akhmatgali
Austen,ramaj
Payton,agzamutdin
Kalen,avel
Kane,mojsha
Mychal,aslakh
Conner,razak
Cordaro,magomedali
Dashawn,nigmatzyan
Holden,nuriazdan
Octavius,amerkhan
Rashaad,kyaram
Montrell,avtomon
Jaren,maulit
Joseluis,alfer
Trevin,nadim
Brennen,pankratij
Kegan,akhmedaga
Camron,shaig
Colten,magomedsharip
Codey,minkhair
Arsenio,avkhadej
Jaquan,alfonsas
Geraldo,makhasim
Kelby,motel
Jamarcus,kyarim
Marquez,nazmi
Dominque,shigap
Brittany,nazmetdin
Ridge,pajlak
Mikhail,palladij
Brantley,ramzis
Nico,nikolaev
Kade,mubaryak
Alexandre,madis
Christop,abdumalik
Infant,magfur
Alexande,yasin
Hakeem,avrum
Kadeem,alfarit
Gage,arip
Khiry,amit
Jasmine,alovsat
Daquan,nurgaziz
Niko,yumabaj
Rakeem,apolon
Nikko,aval
Dionte,rezyap
Samantha,yanko
Darion,allyam
Kendal,mnir
Kiara,latif
Tiffany,abel
Khalil,chimit
Najee,mirgaziz
Ladarius,murman
Stetson,apolinarij
Yosef,petro
Trevon,abutalip
Dimitri,alkeksandr
Tevin,muksin
Denzel,mikail
Male,nima
Laquan,aris
Kiefer,lutfirakhman
Jorden,agli
Ibrahim,shajkhelislam
Mykel,nairi
Kevon,anantolij
Zakary,baki
Aidan,akhmetvali
Talon,bng
Codie,bin
Hernan,cng
Camden,chi
Deontae,chn
Keenen,chng
Misael,chu
Devonte,cho
Sage,chun
Dillan,chung
Gunnar,din
Shaquille,dun
Dillion,fng
Dylon,gng
Storm,gun
Domonique,hun
Codi,xng
Jaleel,hng
Davion,hui
Brayden,hung
Denzell,jia
Devante,jin
Dijon,jing
Keifer,jio
Tariq,jng
Babyboy,jun
Sawyer,kng
Desean,kui
Deonta,kung
Kolton,lin
Justyn,ling
Unnamed,lio
Dejon,lun
Bilal,mio
Deante,nin
Jalen,qin
Tre,qing
Davonte,qio
Devonta,qun
Javonte,shn
Devontae,sho
Deion,shu
Demetri,shui
Davante,tng
Dyllan,tin
Trae,tio
Dondre,dio
Tayler,tun
Caden,xin
Dakotah,xing
Montel,xio
Davonta,xun
Dalvin,yun
Tyshawn,zhi
Maximillian,zho
Juwan,zhe
Tyquan,zhu
Kieran,zhung
Colter,
Jaylen,
Devyn,
Savon,
Deondre,
Darrian,
Dallin,
Jordy,
Mikal,
Adonis,
Kelton,
Shaquan,
Devaughn,
Darrien,
Austyn,
Kaden,
Darrion,
Fredy,
Montana,
Kole,
Syed,
Demonte,
Dakoda,
Jaden,
Keanu,
Jaylon,
Daulton,
Shyheim,
Markell,
Menachem,
Markel,
Jayden,
Khari,
Trayvon,
Gunner,
Auston,
Cain,
Jaylin,
River,
Alek,
Destin,
Tyrin,
Ryder,
Armani,
Kahlil,
Bryton,
Jonatan,
Tristen,
Triston,
Raekwon,
Tristin,
Anfernee,
Draven,
Romello,
Stone,
Tristian,
Easton,
Treyvon,
Aiden,
Rashaan,
Rohan,
Killian,
Phoenix,
Greyson,
Latrell,
Brennon,
Seamus,
Isai,
Branson,
Damarcus,
Mateo,
Keshawn,
Keyshawn,
Trystan,
Braeden,
Brayan,
Shamar,
Keion,
Raquan,
Jair,
Braydon,
Shemar,
Reilly,
Reagan,
Jaylan,
Nasir,
Abdullah,
Dominik,
Keagan,
Kordell,
Kobe,
Gianni,
Jaret,
Koby,
Nash,
Rylan,
Jaxon,
Giovanny,
Ronaldo,
Coleton,
Amari,
Jarett,
Keyon,
Paxton,
Landen,
Raven,
Jamari,
Jovani,
Jovanny,
Keandre,
Kenan,
Jajuan,
Ryley,
Nikhil,
Tyrese,
Tyrek,
Zion,
Declan,
Savion,
Kamron,
Jadon,
Tyrique,
Tahj,
Tyriq,
Tyreek,
Izaiah,
Tavian,
Jacquez,
Alessandro,
Kyree,
Tyrik,
Jordi,
Jalon,
Mekhi,
Jelani,
Matteo,
Johan,
Hamza,
Brycen,
Jovany,
Miguelangel,
Jensen,
Rahul,
Christion,
Judah,
Konnor,
Kylan,
Jaiden,
Tyreke,
Cayden,
Jett,
Zaire,
Jaydon,
Korbin,
Tyreese,
Braedon,
Jaxson,
Xander,
Camren,
Semaj,
Ean,
Gaven,
Karson,
Trevion,
Ayden,
Rey,
Tavion,
Braiden,
Kadin,
Arman,
Aditya,
Rowan,
Bridger,
Kayden,
Elian,
Luca,
Finn,
Kaiden,
Sincere,
Maximus,
Xzavier,
Blaze,
Gaige,
London,
Keshaun,
Sabastian,
Kavon,
Kian,
Brodie,
Jaeden,
Javion,
Jamir,
Maxim,
Alexzander,
Kamren,
Zander,
Dayne,
Isaak,
Jaheim,
Jagger,
Oswaldo,
Ronan,
Haden,
Jadyn,
Immanuel,
Alijah,
Jakobe,
Imanol,
Jordyn,
Zain,
Yusuf,
Gavyn,
Pranav,
Yehuda,
Daunte,
Caiden,
Arjun,
Jahiem,
Zavier,
Mustafa,
Rylee,
Giovani,
Jovanni,
Omarion,
Yahir,
Amarion,
Gael,
Cael,
Treyton,
Aryan,
Jaheem,
Malakai,
Javen,
Lisandro,
Santino,
Adriel,
Ethen,
Luc,
Maximo,
Cason,
Gannon,
Jaquez,
Bradyn,
Jase,
Zayne,
Osbaldo,
Maddox,
Jamarion,
Yair,
Aydan,
Konner,
Damarion,
Jahir,
Enzo,
Cannon,
Kamari,
Kaeden,
Ryker,
Soren,
Mordechai,
Cristofer,
Ryland,
Zaid,
Arnav,
Canyon,
Kanye,
Kyan,
Cohen,
Braylon,
Davian,
Jaidyn,
Demarion,
Landyn,
Luka,
Braulio,
Andon,
Aydin,
Matias,
Jaydin,
Deacon,
Teagan,
Kamden,
Malaki,
Koda,
Rhys,
Haiden,
Tayshaun,
Jayvon,
Trenten,
Rishi,
Kason,
Talan,
Amare,
Makai,
Braylen,
Kadyn,
Leandro,
Aedan,
Finnegan,
Karter,
Damari,
Messiah,
Makhi,
Camryn,
Gauge,
Jax,
Adin,
Krish,
Yandel,
Beckett,
Kael,
Bode,
Koen,
Zayden,
Santana,
Landin,
Talen,
Kasen,
Aidyn,
Jasiah,
Memphis,
Kingston,
Landan,
Case,
Coen,
Izayah,
Anders,
Brogan,
Madden,
Slade,
Kellan,
Jaydan,
Nery,
Rayan,
Dereon,
Yael,
Raiden,
Nikolai,
Yurem,
Lyric,
Kelan,
Tegan,
Kamryn,
Jayvion,
Ronin,
Daxton,
Aaden,
Chace,
Marley,
Kash,
Kymani,
Ishaan,
Jadiel,
Urijah,
Eden,
Zaiden,
Ayaan,
Aarav,
Tripp,
Geovanni,
Yadiel,
Kyson,
Callum,
Deegan,
Lennon,
Abdiel,
Carsen,
Kolten,
Jariel,
ARMAAN,
EASON,
FARHAN,
JIA,
KINGSLEY,
TENZIN,
ZAYAN,
ABDOUL,
ABDOULAYE,
AMADOU,
AMAR'E,
IBRAHIMA,
JAHMIR,
KIYAN,
MAMADOU,
MOUSSA,
NANA,
OUSMANE,
SEKOU,
ZYAIRE,
DARIEL,
IKER,
JANIEL,
JANUEL,
JEANCARLOS,
JENCARLOS,
JEREMIAS,
JOHANN,
MAXIMILIANO,
YANIEL,
YARIEL,
YERIK,
AHARON,
AHRON,
AKIVA,
AMROM,
ARYEH,
AVI,
AVRAHAM,
AVROHOM,
AVRUM,
BARUCH,
BENZION,
BERISH,
BINYOMIN,
BORUCH,
CHESKEL,
DASHIELL,
DOV,
DOVID,
EFRAIM,
EITAN,
ELIMELECH,
ELIYAHU,
FILIP,
GAVRIEL,
HERSH,
HERSHY,
ILAN,
KACPER,
LAZER,
LEV,
LIPA,
MAKSIM,
MAYER,
MEILECH,
MEIR,
MENASHE,
MENDEL,
MENDY,
MOISHE,
NAFTALI,
NAFTULI,
NOAM,
NOSSON,
PINCHAS,
PINCHUS,
SHALOM,
SHAUL,
SHAYA,
SHIA,
SHIMON,
SHLOIME,
SHLOIMY,
SHLOME,
SHLOMO,
SHMIEL,
SHMUEL,
SHNEUR,
SHOLOM,
SHULEM,
SIMCHA,
TZVI,
USHER,
YAKOV,
YASEEN,
YECHEZKEL,
YECHIEL,
YEHOSHUA,
YEHUDAH,
YIDA,
YIDEL,
YISRAEL,
YISROEL,
YITZCHAK,
YITZCHOK,
YONAH,
YOUSEF,
YOUSSEF,
ZALMEN,
ZEV,
AAYAN,
AYAN,
HAO,
JUN,
MUSA,
RAYYAN,
REHAN,
SHAYAAN,
SHAYAN,
SUBHAN,
Jaycob,
VIHAAN,
BOUBACAR,
DAMANI,
MAHAMADOU,
OUMAR,
CAMILO,
JAEL,
JAYREN,
NEYMAR,
ALEKSANDER,
ALTER,
BENTZION,
CHESKY,
ELAN,
ELUZER,
EZRIEL,
JAD,
NACHMAN,
NIKITA,
REUVEN,
SAMI,
SHLOMA,
Massimo,
Thiago,
Binyamin,
YONA,
YOSSI,
Berl,
Azaan,
Yassin,
Zahir,
Mouhamed,
Kimi,
Gianluca,
Hanley,
Eliam,
Ahnaf,
Shraga,
Aahil,
Imran,
Karas,
Jayceon,
Nazir,
Duvid,
Kabir,
Arian,
Adyan,
Hillel,
Bowen,
Cairo,
Md,
Cormac,
Maison,
Kyrie,
Princeton,
Mayson,
Dilan,
Lian,
Arye,
Leibish,
Laith,
Wolf,
Ori,
Yanky,
Yeshaya,
Yahya,
Zamir,
Jakub,
Arham,
Mordche,
Zayn,
Abrar,
Niam,
Saifan,
Veer,
Safwan,
Tahmid,
Legend,
Joziah,
Adiel,
Kayson,
Eyad,
Nuchem,
Ameer,
Fishel,
Mechel,
Meshilem,
Selim,
Yonatan,
Bodhi,
Zakaria,
Aviel,
Aaryan,
Zabdiel,
Jonael,
Umar,
Timur,
Peretz,
Noach,
Sulaiman,
Feynman,
Hashim,
Elya,
Aboubacar,
Malek,
Motty,
Mikael,
Eliel,
Anas,
Crosby,
Kazi,
Eshan,
Ermias,
Kairo,
Jaziel,
Ahad,
Rohaan,
Remy,
Abdulloh,
Ibrohim,
Moishy,
Abubakr,
Idris,
Oskar,
Younis,
Grey,
Viktor,
Kenzo,
Shiloh,
Thierno,
Kyro,
Lennox,
Saif,
Ismail,
Ivaan,
Sahil,
Burech,
Emir,
Wilder,
Amirjon,